{
  "products_list": [
    {
      "id": "1",
      "img": ["https://cdn.imweb.me/thumbnail/20220610/7902f9ea75514.jpg"],
      "title": "목감기에 좋은 건더기 없는 프리미엄 수제 착즙 유자청",
      "price": 15000,
      "discount": 13300,
      "description": [
        "완도 바람 맞고 자란 비타민 가득 유자를 청으로 만나보세요!",
        "환절기에 딱! 목감기에 딱!",
        "건강한 유자로 맛있게 담근 청년 파머의 유자청"
      ],
      "origin": "전라남도 완도",
      "delivery_method": "택배",
      "delivery_announcement": "50000원 이상 구매시 무료배송",
      "delivery_fee": 3500,
      "options": [
        { "productName": "유자청 480g 2병(960g)", "price": 15200 ,"quantity":30 },
        { "productName": "유자청 1kg 1병", "price": 13300 , "quantity":20 },
        { "productName": "착즙유자 500ml", "price": 18800, "quantity":99 }
      ],
      "status": {
        "isSoldout": false,
        "isDiscount": true,
        "isRecommend": false,
        "isBest": false,
        "isPending": false
      },"isShow" : true
    },
    {
      "id": "2",
      "img": [
        "https://cdn.imweb.me/thumbnail/20220622/7fae9ba860789.jpg",
        "https://cdn.imweb.me/thumbnail/20220622/bbf4a6989371e.jpg",
        "https://cdn.imweb.me/thumbnail/20220622/fec885830ef59.jpg"
      ],
      "title": "구기자 발효 수제 고추장 1kg, 2kg",
      "price": 70000,
      "discount": 25000,
      "description": [
        "국내산 청양 콩으로 만들어 더욱 맛있고 건강한 수제 고추장",
        "엄마의 마음으로 건강한 재료들을 엄선하고 준비하여 정성으로 담았습니다."
      ],
      "origin": "충청남도 청양군",
      "delivery_method": "택배",
      "delivery_announcement": "40000원 이상 구매시 무료배송",
      "delivery_fee": 4000,
      "options": [
        { "productName": "고추장 1kg", "price": 25000, "quantity":10 },
        { "productName": "고추장 2kg", "price": 49000, "quantity":0 }
      ],
      "status": {
        "isSoldout": false,
        "isDiscount": true,
        "isRecommend": true,
        "isBest": false,
        "isPending": false
      },"isShow" : true
    },
    {
      "id": "3",
      "img": [
        "https://sitem.ssgcdn.com/59/21/75/item/1000286752159_i1_1200.jpg",
        "https://sitem.ssgcdn.com/59/21/75/item/1000286752159_i2_1200.jpg"
      ],
      "title": "농부들의수확 5kg 나주배선물세트",
      "price": 55000,
      "discount": 29900,
      "description": [
        "완도 바람 맞고 자란 비타민 가득 유자를 청으로 만나보세요!",
        "환절기에 딱! 목감기에 딱!",
        "건강한 유자로 맛있게 담근 청년 파머의 유자청"
      ],
      "origin": "전라남도 나주",
      "delivery_method": "택배",
      "delivery_announcement": "50,000원 이상 구매시 무료배송",
      "delivery_fee": 5000,
      "options": [
        { "productName": "나주배선물세트 5kg 7-8과", "price": 29900, "quantity": 50},
        { "productName": "나주배선물세트 7kg 10-11과", "price": 39900, "quantity": 40 },
        { "productName": "나주배선물세트 8kg 14-15과", "price": 49900, "quantity": 3 }
      ],
      "status": {
        "isSoldout": false,
        "isDiscount": true,
        "isRecommend": true,
        "isBest": true,
        "isPending": false
      },"isShow" : true
    },
    {
      "id": "4",
      "img": ["https://cdn.imweb.me/thumbnail/20200715/236fbfcdd9cf2.jpg"],
      "title": "거창 오가네체리자두 3kg 한 상자",
      "price": 36000,
      "discount": 29000,
      "description": [
        "거창 오가네체리자두",
        "* 3kg 한상자 (50개 내외)",
        "* 7/28(목) 일괄 발송",
        "* 산지직송 무료배송"
      ],
      "origin": "Korea",
      "delivery_method": "택배",
      "delivery_announcement": "무료",
      "delivery_fee": 0,
      "options": [{ "productName": "거창 오가네체리자두 3kg 한 상자", "price": 29000, "quantity": 7 }],
      "status": {
        "isSoldout": false,
        "isDiscount": true,
        "isRecommend": true,
        "isBest": false,
        "isPending": true
      },"isShow" : true
    },
    {
      "id": "5",
      "img": ["https://cdn.imweb.me/thumbnail/20220622/24231acb3b26d.jpg"],
      "title": "무농약 GAP 인증 국산 청양 블루베리 2kg, 4kg, 5kg",
      "price": 120000,
      "discount": 52000,
      "description": ["충남의 알프스라 불리는 청정지역 청양에서", "무농약으로 재배한 생 블루베리"],
      "origin": "충청남도 청양군",
      "delivery_method": "택배",
      "delivery_announcement": "무료",
      "delivery_fee":4000,
      "options": [
        { "productName": "2kg", "price": 52000, "quantity": 10 },
        { "productName": "4kg", "price": 92000, "quantity": 15 },
        { "productName": "5kg", "price": 109000, "quantity": 0 }
      ],
      "status": {
        "isSoldout": true,
        "isDiscount": true,
        "isRecommend": false,
        "isBest": true,
        "isPending": false
      },"isShow" : false
    },

    {
      "id": "6",
      "img": ["https://cdn.imweb.me/thumbnail/20220610/7902f9ea75514.jpg"],
      "title": "돌다리농원 100% 예산 순수생사과즙 100포(50포x2BOX 묶음상품)",
      "price": 60000,
      "discount": 57000,
      "description": "한 포로 챙기는 황금 사과!\n꿀보다 더 달달한 생사과즙으로 아침식사대용, 간식대용으로 하루의 건강과 달콤함을 챙겨보세요!",
      "origin": "충청남도 예산",
      "delivery_method": "택배",
      "delivery_announcement": "무료 | 도서산간 배송비 추가",
      "delivery_fee": 0,
      "options": [],
      "status": {
        "isSoldout": false,
        "isDiscount": true,
        "isRecommend": false,
        "isBest": true,
        "isPending": false
      },"isShow" : true
    },
    {
      "id": "7",
      "img": ["https://cdn.imweb.me/thumbnail/20220714/e43ccd3949677.jpeg", "https://cdn.imweb.me/thumbnail/20220714/e43ccd3949677.jpeg", "https://cdn.imweb.me/thumbnail/20220714/e43ccd3949677.jpeg", "https://cdn.imweb.me/thumbnail/20220714/e43ccd3949677.jpeg"],
      "title": "반려동물과자 아기과자 동결건조 사과칩 50g (5봉지, 10봉지 묶음상품)",
      "price": 80000,
      "discount": 35000,
      "description": [
        "달달함과 아삭함이 살아있는 껍찔째 먹는 동결건조 사과칩",
        "영양만점 간식으로 언제 어디서나 모두의 입맛에 딱!",
        "NO 제초제, NO 화학비료, NO 불필요한 잎따기를 철저히 지킨",
        "사과의 고장 충남 예산의 건강한 3무 사과를 껍찔째 즐겨보세요!"
      ],
      "origin": "충청남도 예산",
      "delivery_method": "택배",
      "delivery_announcement": "무료 | 도서산간 배송비 추가",
      "delivery_fee": "0",
      "options": [
        { "productName": "5봉지", "price": 35000, "quantity": 23 },
        { "productName": "10봉지", "price": 65000, "quantity" }
      ],
      "status": {
        "isSoldout": false,
        "isDiscount": true,
        "isRecommend": true,
        "isBest": false,
        "isPending": false
      },"isShow" : true
    },
    {
      "id": "8",
      "img": ["https://cdn.imweb.me/thumbnail/20220622/420f289e15350.jpg"],
      "title": "국산 강원도 화천 생 아스파라거스 1kg 2kg",
      "price": 40000,
      "discount": 30000,
      "description": [
        "미생물을 이용한 친환경 농법으로 길러 더욱 맛있는 ",
        "국내산 친환경 생 아스파라거스"
      ],
      "origin": "강원도 화천군",
      "delivery_method": "택배",
      "delivery_announcement": "40000원 이상 구매시 무료배송",
      "delivery_fee": 4000,
      "options": [
        { "productName": "1kg", "price": 20000,"quantity":99 },
        { "productName": "2kg", "price": 36000,"quantity":70 }
      ],
      "status": {
        "isSoldout": false,
        "isDiscount": true,
        "isRecommend": false,
        "isBest": true,
        "isPending": false
      },"isShow" : true
    },
    {
      "id": "9",
      "img": [
        "https://cdn.imweb.me/thumbnail/20220622/e1d8e149b8f58.jpg",
        "https://cdn.imweb.me/thumbnail/20220622/29fd42b490ba3.jpg",
        "https://cdn.imweb.me/thumbnail/20220622/29fd42b490ba3.jpg"
      ],
      "title": "전통 재래식 메주로 띄운 수제 된장 1kg, 2kg",
      "price": 60000,
      "discount": 19000,
      "description": [
        "국내산 청양 콩으로 만들어 더욱 맛있고 건강한 수제 된장",
        "엄마의 마음으로 건강한 재료들을 엄선하고 준비하여 정성으로 담았습니다."
      ],
      "origin": "충청남도 청양군",
      "delivery_method": "택배",
      "delivery_announcement": "40000원 이상 구매시 무료배송",
      "delivery_fee": 4000,
      "options": [
        { "productName": "된장 1kg", "price": 19000, "quantity": 42 },
        { "productName": "된장 2kg", "price": 37000, "quantity": 27 }
      ],
      "status": {
        "isSoldout": false,
        "isDiscount": true,
        "isRecommend": true,
        "isBest": false,
        "isPending": false
      },"isShow" : true
    },
    {
      "id": "10",
      "img": [
        "https://cdn.imweb.me/thumbnail/20220622/df2bb0824be20.jpg", 
        "https://cdn.imweb.me/thumbnail/20220622/be1433c679d82.jpg", 
        "https://cdn.imweb.me/thumbnail/20220622/e0e5cda8ff193.jpg" ],
    "title": "청양 전통 수제 간장 500ml, 1L",
    "price": 16000,
    "discount": 12500,
    "description": [
      "국내산 청양 콩으로 만들어 더욱 맛있고 건강한 수제 간장",
      "엄마의 마음으로 건강한 재료들을 엄선하고 준비하여 정성으로 담았습니다."
    ],
    "origin": "충청남도 청양군",
    "delivery_method": "택배",
    "delivery_announcement": "40000원 이상 구매시 무료배송",
    "delivery_fee": 4000,
    "options": [
      { "productName": "간장 500ml", "price": 6500, "quantity": 72  },
      { "productName": "간장 1L", "price": 12500, "quantity": 13 }
    ],
    "status": { "isSoldout": false, "isDiscount": true, "isRecommend": true, "isBest": false, "isPending":false
      },"isShow" : true
    },
    {
      "id": "11",
      "img": ["https://cdn.imweb.me/thumbnail/20220521/69f390486a3e3.png"],
      "title": "100% 제주감귤주스 (15팩 x 1box)",
      "price": 50000,
      "discount": 22500,
      "description": [
        "감귤을 즐기는 색다른 방법, 100% 착즙으로 마시는 감귤",
        "제주 감귤이 고스란히 담긴 주스로 입맛도 돋우고, 건강도 지키세요!",
      ],
      "origin": "제주특별자치도 서귀포시",
      "delivery_method": "택배",
      "delivery_announcement": "45000원 이상 구매시 무료배송",
      "delivery_fee": 4500,
	    "options": [],
      "status": { "isSoldout": false, "isDiscount": true, "isRecommend": false, "isBest":true, "isPending":false },"isShow" : true
    },
    {
      "id": "12",
      "img": ["https://cdn.imweb.me/thumbnail/20220520/873c30ce7d7f4.png"],
      "title": "물에 타먹는 제주 수제 감귤칩(10봉지x1BOX)",
      "price": 25000,
      "discount": 60000,
      "description": [
        "감귤을 즐기는 색다른 방법!",
        "상큼함과 달달함이 고루 담겨진 바삭한 감귤칩을 만나보세요.",
        "영양은 그대로~ 언제 어디서나 맛 볼 수 있는 감귤과자!"
      ],
      "origin": "제주특별자치도 서귀포시",
      "delivery_method": "택배",
      "delivery_announcement": "45000원 이상 구매시 무료배송",
      "delivery_fee": 4500,
      "options": [
      ],
      "status": { "isSoldout": false, "isDiscount": true, "isRecommend": true, "isBest":false, "isPending":false
      },"isShow" : true
    },
        {
      "id": "13",
      "img": ["https://cdn.imweb.me/thumbnail/20220610/7902f9ea75514.jpg"],
      "title": "목감기에 좋은 건더기 없는 프리미엄 수제 착즙 유자청",
      "price": 15000,
      "discount": 13300,
      "description": [
        "완도 바람 맞고 자란 비타민 가득 유자를 청으로 만나보세요!",
        "환절기에 딱! 목감기에 딱!",
        "건강한 유자로 맛있게 담근 청년 파머의 유자청"
      ],
      "origin": "전라남도 완도",
      "delivery_method": "택배",
      "delivery_announcement": "50000원 이상 구매시 무료배송",
      "delivery_fee": 3500,
      "options": [
        { "productName": "유자청 480g 2병(960g)", "price": 15200 ,"quantity":30 },
        { "productName": "유자청 1kg 1병", "price": 13300 , "quantity":20 },
        { "productName": "착즙유자 500ml", "price": 18800, "quantity":99 }
      ],
      "status": {
        "isSoldout": false,
        "isDiscount": true,
        "isRecommend": false,
        "isBest": false,
        "isPending": false
      },"isShow" : false
    },
    {
      "id": "14",
      "img": [
        "https://cdn.imweb.me/thumbnail/20220622/7fae9ba860789.jpg",
        "https://cdn.imweb.me/thumbnail/20220622/bbf4a6989371e.jpg",
        "https://cdn.imweb.me/thumbnail/20220622/fec885830ef59.jpg"
      ],
      "title": "구기자 발효 수제 고추장 1kg, 2kg",
      "price": 70000,
      "discount": 25000,
      "description": [
        "국내산 청양 콩으로 만들어 더욱 맛있고 건강한 수제 고추장",
        "엄마의 마음으로 건강한 재료들을 엄선하고 준비하여 정성으로 담았습니다."
      ],
      "origin": "충청남도 청양군",
      "delivery_method": "택배",
      "delivery_announcement": "40000원 이상 구매시 무료배송",
      "delivery_fee": 4000,
      "options": [
        { "productName": "고추장 1kg", "price": 25000, "quantity":10 },
        { "productName": "고추장 2kg", "price": 49000, "quantity":0 }
      ],
      "status": {
        "isSoldout": false,
        "isDiscount": true,
        "isRecommend": true,
        "isBest": false,
        "isPending": false
      },"isShow" : true
    },
    {
      "id": "15",
      "img": [
        "https://sitem.ssgcdn.com/59/21/75/item/1000286752159_i1_1200.jpg",
        "https://sitem.ssgcdn.com/59/21/75/item/1000286752159_i2_1200.jpg"
      ],
      "title": "농부들의수확 5kg 나주배선물세트",
      "price": 55000,
      "discount": 29900,
      "description": [
        "완도 바람 맞고 자란 비타민 가득 유자를 청으로 만나보세요!",
        "환절기에 딱! 목감기에 딱!",
        "건강한 유자로 맛있게 담근 청년 파머의 유자청"
      ],
      "origin": "전라남도 나주",
      "delivery_method": "택배",
      "delivery_announcement": "50,000원 이상 구매시 무료배송",
      "delivery_fee": 5000,
      "options": [
        { "productName": "나주배선물세트 5kg 7-8과", "price": 29900, "quantity": 50},
        { "productName": "나주배선물세트 7kg 10-11과", "price": 39900, "quantity": 40 },
        { "productName": "나주배선물세트 8kg 14-15과", "price": 49900, "quantity": 3 }
      ],
      "status": {
        "isSoldout": false,
        "isDiscount": true,
        "isRecommend": true,
        "isBest": true,
        "isPending": false
      },"isShow" : true
    },
    {
      "id": "16",
      "img": ["https://cdn.imweb.me/thumbnail/20200715/236fbfcdd9cf2.jpg"],
      "title": "거창 오가네체리자두 3kg 한 상자",
      "price": 36000,
      "discount": 29000,
      "description": [
        "거창 오가네체리자두",
        "* 3kg 한상자 (50개 내외)",
        "* 7/28(목) 일괄 발송",
        "* 산지직송 무료배송"
      ],
      "origin": "Korea",
      "delivery_method": "택배",
      "delivery_announcement": "무료",
      "delivery_fee": 0,
      "options": [{ "productName": "거창 오가네체리자두 3kg 한 상자", "price": 29000, "quantity": 7 }],
      "status": {
        "isSoldout": false,
        "isDiscount": true,
        "isRecommend": true,
        "isBest": false,
        "isPending": true
      },"isShow" : true
    },
    {
      "id": "17",
      "img": ["https://cdn.imweb.me/thumbnail/20220622/24231acb3b26d.jpg"],
      "title": "무농약 GAP 인증 국산 청양 블루베리 2kg, 4kg, 5kg",
      "price": 120000,
      "discount": 52000,
      "description": ["충남의 알프스라 불리는 청정지역 청양에서", "무농약으로 재배한 생 블루베리"],
      "origin": "충청남도 청양군",
      "delivery_method": "택배",
      "delivery_announcement": "무료",
      "delivery_fee":4000,
      "options": [
        { "productName": "2kg", "price": 52000, "quantity": 10 },
        { "productName": "4kg", "price": 92000, "quantity": 15 },
        { "productName": "5kg", "price": 109000, "quantity": 0 }
      ],
      "status": {
        "isSoldout": true,
        "isDiscount": true,
        "isRecommend": false,
        "isBest": true,
        "isPending": false
      },"isShow" : true
    },

    {
      "id": "18",
      "img": ["https://cdn.imweb.me/thumbnail/20220610/7902f9ea75514.jpg"],
      "title": "돌다리농원 100% 예산 순수생사과즙 100포(50포x2BOX 묶음상품)",
      "price": 60000,
      "discount": 57000,
      "description": "한 포로 챙기는 황금 사과!\n꿀보다 더 달달한 생사과즙으로 아침식사대용, 간식대용으로 하루의 건강과 달콤함을 챙겨보세요!",
      "origin": "충청남도 예산",
      "delivery_method": "택배",
      "delivery_announcement": "무료 | 도서산간 배송비 추가",
      "delivery_fee": 0,
      "options": [],
      "status": {
        "isSoldout": false,
        "isDiscount": true,
        "isRecommend": false,
        "isBest": true,
        "isPending": false
      },"isShow" : true
    },
    {
      "id": "19",
      "img": ["https://cdn.imweb.me/thumbnail/20220714/e43ccd3949677.jpeg", "https://cdn.imweb.me/thumbnail/20220714/e43ccd3949677.jpeg", "https://cdn.imweb.me/thumbnail/20220714/e43ccd3949677.jpeg", "https://cdn.imweb.me/thumbnail/20220714/e43ccd3949677.jpeg"],
      "title": "반려동물과자 아기과자 동결건조 사과칩 50g (5봉지, 10봉지 묶음상품)",
      "price": 80000,
      "discount": 35000,
      "description": [
        "달달함과 아삭함이 살아있는 껍찔째 먹는 동결건조 사과칩",
        "영양만점 간식으로 언제 어디서나 모두의 입맛에 딱!",
        "NO 제초제, NO 화학비료, NO 불필요한 잎따기를 철저히 지킨",
        "사과의 고장 충남 예산의 건강한 3무 사과를 껍찔째 즐겨보세요!"
      ],
      "origin": "충청남도 예산",
      "delivery_method": "택배",
      "delivery_announcement": "무료 | 도서산간 배송비 추가",
      "delivery_fee": "0",
      "options": [
        { "productName": "5봉지", "price": 35000, "quantity": 23 },
        { "productName": "10봉지", "price": 65000, "quantity" }
      ],
      "status": {
        "isSoldout": false,
        "isDiscount": true,
        "isRecommend": true,
        "isBest": false,
        "isPending": false
      },"isShow" : true
    },
    {
      "id": "20",
      "img": ["https://cdn.imweb.me/thumbnail/20220622/420f289e15350.jpg"],
      "title": "국산 강원도 화천 생 아스파라거스 1kg 2kg",
      "price": 40000,
      "discount": 30000,
      "description": [
        "미생물을 이용한 친환경 농법으로 길러 더욱 맛있는 ",
        "국내산 친환경 생 아스파라거스"
      ],
      "origin": "강원도 화천군",
      "delivery_method": "택배",
      "delivery_announcement": "40000원 이상 구매시 무료배송",
      "delivery_fee": 4000,
      "options": [
        { "productName": "1kg", "price": 20000,"quantity":99 },
        { "productName": "2kg", "price": 36000,"quantity":70 }
      ],
      "status": {
        "isSoldout": false,
        "isDiscount": true,
        "isRecommend": false,
        "isBest": true,
        "isPending": false
      },"isShow" : true
    },
    {
      "id": "21",
      "img": [
        "https://cdn.imweb.me/thumbnail/20220622/e1d8e149b8f58.jpg",
        "https://cdn.imweb.me/thumbnail/20220622/29fd42b490ba3.jpg",
        "https://cdn.imweb.me/thumbnail/20220622/29fd42b490ba3.jpg"
      ],
      "title": "전통 재래식 메주로 띄운 수제 된장 1kg, 2kg",
      "price": 60000,
      "discount": 19000,
      "description": [
        "국내산 청양 콩으로 만들어 더욱 맛있고 건강한 수제 된장",
        "엄마의 마음으로 건강한 재료들을 엄선하고 준비하여 정성으로 담았습니다."
      ],
      "origin": "충청남도 청양군",
      "delivery_method": "택배",
      "delivery_announcement": "40000원 이상 구매시 무료배송",
      "delivery_fee": 4000,
      "options": [
        { "productName": "된장 1kg", "price": 19000, "quantity": 42 },
        { "productName": "된장 2kg", "price": 37000, "quantity": 27 }
      ],
      "status": {
        "isSoldout": false,
        "isDiscount": true,
        "isRecommend": true,
        "isBest": false,
        "isPending": false
      },"isShow" : false
    },
    {
      "id": "22",
      "img": [
        "https://cdn.imweb.me/thumbnail/20220622/df2bb0824be20.jpg", 
        "https://cdn.imweb.me/thumbnail/20220622/be1433c679d82.jpg", 
        "https://cdn.imweb.me/thumbnail/20220622/e0e5cda8ff193.jpg" ],
    "title": "청양 전통 수제 간장 500ml, 1L",
    "price": 16000,
    "discount": 12500,
    "description": [
      "국내산 청양 콩으로 만들어 더욱 맛있고 건강한 수제 간장",
      "엄마의 마음으로 건강한 재료들을 엄선하고 준비하여 정성으로 담았습니다."
    ],
    "origin": "충청남도 청양군",
    "delivery_method": "택배",
    "delivery_announcement": "40000원 이상 구매시 무료배송",
    "delivery_fee": 4000,
    "options": [
      { "productName": "간장 500ml", "price": 6500, "quantity": 72  },
      { "productName": "간장 1L", "price": 12500, "quantity": 13 }
    ],
    "status": { "isSoldout": false, "isDiscount": true, "isRecommend": true, "isBest": false, "isPending":false
      },"isShow" : true
    },
    {
      "id": "23",
      "img": ["https://cdn.imweb.me/thumbnail/20220521/69f390486a3e3.png"],
      "title": "100% 제주감귤주스 (15팩 x 1box)",
      "price": 50000,
      "discount": 22500,
      "description": [
        "감귤을 즐기는 색다른 방법, 100% 착즙으로 마시는 감귤",
        "제주 감귤이 고스란히 담긴 주스로 입맛도 돋우고, 건강도 지키세요!",
      ],
      "origin": "제주특별자치도 서귀포시",
      "delivery_method": "택배",
      "delivery_announcement": "45000원 이상 구매시 무료배송",
      "delivery_fee": 4500,
	    "options": [],
      "status": { "isSoldout": false, "isDiscount": true, "isRecommend": false, "isBest":true, "isPending":false },"isShow" : true
    },
    {
      "id": "24",
      "img": ["https://cdn.imweb.me/thumbnail/20220520/873c30ce7d7f4.png"],
      "title": "물에 타먹는 제주 수제 감귤칩(10봉지x1BOX)",
      "price": 25000,
      "discount": 60000,
      "description": [
        "감귤을 즐기는 색다른 방법!",
        "상큼함과 달달함이 고루 담겨진 바삭한 감귤칩을 만나보세요.",
        "영양은 그대로~ 언제 어디서나 맛 볼 수 있는 감귤과자!"
      ],
      "origin": "제주특별자치도 서귀포시",
      "delivery_method": "택배",
      "delivery_announcement": "45000원 이상 구매시 무료배송",
      "delivery_fee": 4500,
      "options": [
      ],
      "status": { "isSoldout": false, "isDiscount": true, "isRecommend": true, "isBest":false, "isPending":false
      },"isShow" : true
    },
        {
      "id": "25",
      "img": ["https://cdn.imweb.me/thumbnail/20220610/7902f9ea75514.jpg"],
      "title": "목감기에 좋은 건더기 없는 프리미엄 수제 착즙 유자청",
      "price": 15000,
      "discount": 13300,
      "description": [
        "완도 바람 맞고 자란 비타민 가득 유자를 청으로 만나보세요!",
        "환절기에 딱! 목감기에 딱!",
        "건강한 유자로 맛있게 담근 청년 파머의 유자청"
      ],
      "origin": "전라남도 완도",
      "delivery_method": "택배",
      "delivery_announcement": "50000원 이상 구매시 무료배송",
      "delivery_fee": 3500,
      "options": [
        { "productName": "유자청 480g 2병(960g)", "price": 15200 ,"quantity":30 },
        { "productName": "유자청 1kg 1병", "price": 13300 , "quantity":20 },
        { "productName": "착즙유자 500ml", "price": 18800, "quantity":99 }
      ],
      "status": {
        "isSoldout": false,
        "isDiscount": true,
        "isRecommend": false,
        "isBest": false,
        "isPending": false
      },"isShow" : true
    },
    {
      "id": "26",
      "img": [
        "https://cdn.imweb.me/thumbnail/20220622/7fae9ba860789.jpg",
        "https://cdn.imweb.me/thumbnail/20220622/bbf4a6989371e.jpg",
        "https://cdn.imweb.me/thumbnail/20220622/fec885830ef59.jpg"
      ],
      "title": "구기자 발효 수제 고추장 1kg, 2kg",
      "price": 70000,
      "discount": 25000,
      "description": [
        "국내산 청양 콩으로 만들어 더욱 맛있고 건강한 수제 고추장",
        "엄마의 마음으로 건강한 재료들을 엄선하고 준비하여 정성으로 담았습니다."
      ],
      "origin": "충청남도 청양군",
      "delivery_method": "택배",
      "delivery_announcement": "40000원 이상 구매시 무료배송",
      "delivery_fee": 4000,
      "options": [
        { "productName": "고추장 1kg", "price": 25000, "quantity":10 },
        { "productName": "고추장 2kg", "price": 49000, "quantity":0 }
      ],
      "status": {
        "isSoldout": false,
        "isDiscount": true,
        "isRecommend": true,
        "isBest": false,
        "isPending": false
      },"isShow" : true
    },
    {
      "id": "27",
      "img": [
        "https://sitem.ssgcdn.com/59/21/75/item/1000286752159_i1_1200.jpg",
        "https://sitem.ssgcdn.com/59/21/75/item/1000286752159_i2_1200.jpg"
      ],
      "title": "농부들의수확 5kg 나주배선물세트",
      "price": 55000,
      "discount": 29900,
      "description": [
        "완도 바람 맞고 자란 비타민 가득 유자를 청으로 만나보세요!",
        "환절기에 딱! 목감기에 딱!",
        "건강한 유자로 맛있게 담근 청년 파머의 유자청"
      ],
      "origin": "전라남도 나주",
      "delivery_method": "택배",
      "delivery_announcement": "50,000원 이상 구매시 무료배송",
      "delivery_fee": 5000,
      "options": [
        { "productName": "나주배선물세트 5kg 7-8과", "price": 29900, "quantity": 50},
        { "productName": "나주배선물세트 7kg 10-11과", "price": 39900, "quantity": 40 },
        { "productName": "나주배선물세트 8kg 14-15과", "price": 49900, "quantity": 3 }
      ],
      "status": {
        "isSoldout": false,
        "isDiscount": true,
        "isRecommend": true,
        "isBest": true,
        "isPending": false
      },"isShow" : true
    },
    {
      "id": "28",
      "img": ["https://cdn.imweb.me/thumbnail/20200715/236fbfcdd9cf2.jpg"],
      "title": "거창 오가네체리자두 3kg 한 상자",
      "price": 36000,
      "discount": 29000,
      "description": [
        "거창 오가네체리자두",
        "* 3kg 한상자 (50개 내외)",
        "* 7/28(목) 일괄 발송",
        "* 산지직송 무료배송"
      ],
      "origin": "Korea",
      "delivery_method": "택배",
      "delivery_announcement": "무료",
      "delivery_fee": 0,
      "options": [{ "productName": "거창 오가네체리자두 3kg 한 상자", "price": 29000, "quantity": 7 }],
      "status": {
        "isSoldout": false,
        "isDiscount": true,
        "isRecommend": true,
        "isBest": false,
        "isPending": true
      },"isShow" : true
    },
    {
      "id": "29",
      "img": ["https://cdn.imweb.me/thumbnail/20220622/24231acb3b26d.jpg"],
      "title": "무농약 GAP 인증 국산 청양 블루베리 2kg, 4kg, 5kg",
      "price": 120000,
      "discount": 52000,
      "description": ["충남의 알프스라 불리는 청정지역 청양에서", "무농약으로 재배한 생 블루베리"],
      "origin": "충청남도 청양군",
      "delivery_method": "택배",
      "delivery_announcement": "무료",
      "delivery_fee":4000,
      "options": [
        { "productName": "2kg", "price": 52000, "quantity": 10 },
        { "productName": "4kg", "price": 92000, "quantity": 15 },
        { "productName": "5kg", "price": 109000, "quantity": 0 }
      ],
      "status": {
        "isSoldout": true,
        "isDiscount": true,
        "isRecommend": false,
        "isBest": true,
        "isPending": false
      },"isShow" : true
    },

    {
      "id": "30",
      "img": ["https://cdn.imweb.me/thumbnail/20220610/7902f9ea75514.jpg"],
      "title": "돌다리농원 100% 예산 순수생사과즙 100포(50포x2BOX 묶음상품)",
      "price": 60000,
      "discount": 57000,
      "description": "한 포로 챙기는 황금 사과!\n꿀보다 더 달달한 생사과즙으로 아침식사대용, 간식대용으로 하루의 건강과 달콤함을 챙겨보세요!",
      "origin": "충청남도 예산",
      "delivery_method": "택배",
      "delivery_announcement": "무료 | 도서산간 배송비 추가",
      "delivery_fee": 0,
      "options": [],
      "status": {
        "isSoldout": false,
        "isDiscount": true,
        "isRecommend": false,
        "isBest": true,
        "isPending": false
      },"isShow" : true
    },
    {
      "id": "31",
      "img": ["https://cdn.imweb.me/thumbnail/20220714/e43ccd3949677.jpeg", "https://cdn.imweb.me/thumbnail/20220714/e43ccd3949677.jpeg", "https://cdn.imweb.me/thumbnail/20220714/e43ccd3949677.jpeg", "https://cdn.imweb.me/thumbnail/20220714/e43ccd3949677.jpeg"],
      "title": "반려동물과자 아기과자 동결건조 사과칩 50g (5봉지, 10봉지 묶음상품)",
      "price": 80000,
      "discount": 35000,
      "description": [
        "달달함과 아삭함이 살아있는 껍찔째 먹는 동결건조 사과칩",
        "영양만점 간식으로 언제 어디서나 모두의 입맛에 딱!",
        "NO 제초제, NO 화학비료, NO 불필요한 잎따기를 철저히 지킨",
        "사과의 고장 충남 예산의 건강한 3무 사과를 껍찔째 즐겨보세요!"
      ],
      "origin": "충청남도 예산",
      "delivery_method": "택배",
      "delivery_announcement": "무료 | 도서산간 배송비 추가",
      "delivery_fee": "0",
      "options": [
        { "productName": "5봉지", "price": 35000, "quantity": 23 },
        { "productName": "10봉지", "price": 65000, "quantity" }
      ],
      "status": {
        "isSoldout": false,
        "isDiscount": true,
        "isRecommend": true,
        "isBest": false,
        "isPending": false
      },"isShow" : true
    },
    {
      "id": "32",
      "img": ["https://cdn.imweb.me/thumbnail/20220622/420f289e15350.jpg"],
      "title": "국산 강원도 화천 생 아스파라거스 1kg 2kg",
      "price": 40000,
      "discount": 30000,
      "description": [
        "미생물을 이용한 친환경 농법으로 길러 더욱 맛있는 ",
        "국내산 친환경 생 아스파라거스"
      ],
      "origin": "강원도 화천군",
      "delivery_method": "택배",
      "delivery_announcement": "40000원 이상 구매시 무료배송",
      "delivery_fee": 4000,
      "options": [
        { "productName": "1kg", "price": 20000,"quantity":99 },
        { "productName": "2kg", "price": 36000,"quantity":70 }
      ],
      "status": {
        "isSoldout": false,
        "isDiscount": true,
        "isRecommend": false,
        "isBest": true,
        "isPending": false
      },"isShow" : true
    },
    {
      "id": "33",
      "img": [
        "https://cdn.imweb.me/thumbnail/20220622/e1d8e149b8f58.jpg",
        "https://cdn.imweb.me/thumbnail/20220622/29fd42b490ba3.jpg",
        "https://cdn.imweb.me/thumbnail/20220622/29fd42b490ba3.jpg"
      ],
      "title": "전통 재래식 메주로 띄운 수제 된장 1kg, 2kg",
      "price": 60000,
      "discount": 19000,
      "description": [
        "국내산 청양 콩으로 만들어 더욱 맛있고 건강한 수제 된장",
        "엄마의 마음으로 건강한 재료들을 엄선하고 준비하여 정성으로 담았습니다."
      ],
      "origin": "충청남도 청양군",
      "delivery_method": "택배",
      "delivery_announcement": "40000원 이상 구매시 무료배송",
      "delivery_fee": 4000,
      "options": [
        { "productName": "된장 1kg", "price": 19000, "quantity": 42 },
        { "productName": "된장 2kg", "price": 37000, "quantity": 27 }
      ],
      "status": {
        "isSoldout": false,
        "isDiscount": true,
        "isRecommend": true,
        "isBest": false,
        "isPending": false
      },"isShow" : true
    },
    {
      "id": "34",
      "img": [
        "https://cdn.imweb.me/thumbnail/20220622/df2bb0824be20.jpg", 
        "https://cdn.imweb.me/thumbnail/20220622/be1433c679d82.jpg", 
        "https://cdn.imweb.me/thumbnail/20220622/e0e5cda8ff193.jpg" ],
    "title": "청양 전통 수제 간장 500ml, 1L",
    "price": 16000,
    "discount": 12500,
    "description": [
      "국내산 청양 콩으로 만들어 더욱 맛있고 건강한 수제 간장",
      "엄마의 마음으로 건강한 재료들을 엄선하고 준비하여 정성으로 담았습니다."
    ],
    "origin": "충청남도 청양군",
    "delivery_method": "택배",
    "delivery_announcement": "40000원 이상 구매시 무료배송",
    "delivery_fee": 4000,
    "options": [
      { "productName": "간장 500ml", "price": 6500, "quantity": 72  },
      { "productName": "간장 1L", "price": 12500, "quantity": 13 }
    ],
    "status": { "isSoldout": false, "isDiscount": true, "isRecommend": true, "isBest": false, "isPending":false
      },"isShow" : true
    }
  ]
}